{
    "accuracy": 0.612012987012987,
    "precision": 0.5966008598347947,
    "recall": 0.612012987012987,
    "f1": 0.6000353517503394,
    "mcc": 0.5250945971992137,
    "balanced_accuracy": 0.5701957043592484
}