accuracy,precision,recall,f1,mcc,balanced_accuracy
0.612012987012987,0.5966008598347947,0.612012987012987,0.6000353517503394,0.5250945971992137,0.5701957043592484
