{
    "accuracy": 0.6688311688311688,
    "precision": 0.676509444532204,
    "recall": 0.6688311688311688,
    "f1": 0.6671362687795306,
    "mcc": 0.5945759002425274,
    "balanced_accuracy": 0.6201889812470878
}