accuracy,precision,recall,f1,mcc,balanced_accuracy
0.6688311688311688,0.676509444532204,0.6688311688311688,0.6671362687795306,0.5945759002425274,0.6201889812470878
